State_Gas,State_Oil,County,Latitude,Longitude,Gas Production Quantity,Oil Production Quantity,Wind Plant Capacity
,,Hawaii County,18.978,-155.688,,,0.3346448198081723
,,Maui County,20.8001,-156.539,,,0.3346448198081723
,,Honolulu County,21.6692,-157.9501,,,0.37125978085455896
,,Honolulu County,21.6804,-157.982,,,0.3825054106133182
,Federal offshore,,26.10225,-92.0615,,0.5785011007886054,
Federal offshore,,,26.11466667,-94.91033333,0.589351239079274,,
,,Cameron County,26.1189,-97.3431,,,0.540691461338779
Federal offshore,Federal offshore,,26.168,-92.133,0.3283956633753438,0.49724368121172874,
Federal offshore,,,26.19166667,-91.44066667,0.3149188455087482,,
,,Cameron County,26.2499,-97.5118,,,0.6423377638664154
,,Cameron County,26.2736,-97.4961,,,0.5986711578063881
,,Hidalgo County,26.3767,-97.993,,,0.6687117599936161
Federal offshore,Federal offshore,,26.401,-91.3575,0.2840806954024094,0.5524462395075665,
Texas,,,26.47058104,-98.41340104,0.45936849405893443,,
Federal offshore,Federal offshore,,26.4805,-90.775,0.31511169429841396,0.5594114261118068,
,,Starr County,26.4905,-98.7305,,,0.6444896541079361
,,Hidalgo County,26.5381,-98.3375,,,0.5473416939016906
,,Starr County,26.5482,-98.7101,,,0.6433831450052341
,,Zapata County,26.6614,-99.0901,,,0.6444896541079361
Federal offshore,Federal offshore,,26.945,-94.705,0.16287568663456714,0.11780982140692639,
,,Kenedy County,26.9771,-97.6746,,,0.6440757406177209
Texas,,,27.01652802,-97.85367897,0.5074634197582767,,
,Federal offshore,,27.091,-90.8115,,0.2826927185438892,
,,Zapata County,27.0979,-99.3451,,,0.6497617109705169
,,Kenedy County,27.1246,-97.4706,,,0.6447649159910247
Federal offshore,,,27.1564,-90.3042,0.4386578408061882,,
Federal offshore,Federal offshore,,27.244,-90.83325,0.5462542878121156,0.6979660248908786,
,,Webb County,27.3115,-98.9772,,,0.674385619830713
Federal offshore,Federal offshore,,27.3354,-90.1144,0.42830386540313226,0.5874292215204522,
Federal offshore,,,27.35125,-90.73375,0.5407550326114383,,
Federal offshore,Federal offshore,,27.4085,-90.281,0.35590175282333636,0.3747853199981729,
,,Webb County,27.4693,-99.0075,,,0.5358252472012346
Federal offshore,Federal offshore,,27.472,-90.57633333,0.40840668396057545,0.49808743855196286,
,Federal offshore,,27.491,-90.071,,0.5519093423123933,
,,Webb County,27.5368,-98.9527,,,0.6034661354873763
Federal offshore,Federal offshore,,27.537,-90.168,0.47169648206465775,0.15500937629892197,
Federal offshore,Federal offshore,,27.55033333,-92.43233333,0.5247623261242856,0.3290928465954747,
,,Webb County,27.5799,-98.8247,,,0.6997373037376682
,Federal offshore,,27.7055,-91.118,,0.3844959568586999,
,Federal offshore,,27.74933333,-90.73466667,,0.18930273011500856,
Texas,,,27.85986171,-99.76608464,0.6471630645181278,,
Texas,,,27.87268445,-99.51998596,0.5112237728903661,,
,,San Patricio County,27.9033,-97.4192,,,0.6287563956881035
Texas,,,27.91324989,-99.44965424,0.48759142308237124,,
Federal Offshore,Federal Offshore,,27.924,-89.962,0.49130589548375214,0.34507925216548657,
Texas,,,27.92619255,-99.33892773,0.5727903611060947,,
Texas,,,27.93240927,-99.49222954,0.5017060189521797,,
,,San Patricio County,27.953,-97.3336,,,0.6149066104832961
,,San Patricio County,27.9927,-97.744,,,0.6435219393771736
Federal offshore,Federal offshore,,27.999,-93.96,0.42535191236362646,0.03266344852521989,
,Federal offshore,,28.012,-88.7705,,0.27488769315577677,
Texas,,,28.03241198,-99.47021521,0.789224990237035,,
Texas,,,28.03930445,-99.37543338,0.6241722263906698,,
Federal offshore,,,28.058,-91.0675,0.35098811954604014,,
Texas,,,28.06745463,-99.81808898,0.6870055254199625,,
Texas,,,28.06875156,-99.82298996,0.45839202027829484,,
Federal offshore,,,28.075,-90.538,0.36585456547440165,,
Federal offshore,,,28.0855,-90.006,0.36514835076434354,,
Federal offshore,Federal offshore,,28.089,-90.186,0.41266921138216794,0.347945417093999,
Texas,,,28.09463617,-99.40312438,0.5454206843596698,,
Texas,,,28.10616352,-99.74508093,0.5576662123160134,,
Texas,,,28.1507789,-99.54914528,0.4767890046881582,,
Federal offshore,Federal offshore,,28.1518,-89.9544,0.40831792189185956,0.36576855447980083,
Federal offshore,,,28.152,-89.56,0.3013832548793925,,
Texas,,,28.16122506,-99.87450201,0.4842902338385665,,
,,San Patricio County,28.1738,-97.811,,,0.7029909723000485
,Federal offshore,,28.176,-88.98666667,,0.4757970813198359,
,Federal offshore,,28.211,-88.5525,,0.5495367549511929,
,Federal offshore,,28.213,-88.282,,0.16336114619098943,
Federal offshore,Federal offshore,,28.22,-91.70625,0.36953157976823897,0.21527335527549435,
Federal offshore,Federal offshore,,28.247,-88.82,0.3966492567326958,0.34561867232221977,
,,Bee County,28.2479,-97.5212,,,0.6684799364694083
,Federal offshore,,28.26466667,-88.88966667,,0.31750305615625946,
,Federal offshore,,28.3015,-88.2095,,0.3630504853114569,
Texas,,,28.32402407,-98.89506014,0.47818990874003786,,
Texas,,,28.33045143,-99.71557861,0.6857097652801116,,
Texas,,,28.33050904,-98.76503622,0.7096133620892695,,
Federal offshore,,,28.362,-90.202,0.5345458096960706,,
Federal offshore,,,28.369,-87.939,0.49907046706291514,,
,Federal offshore,,28.3935,-89.4665,,0.11128512456232964,
Texas,,,28.40277417,-99.91513654,0.4427672358442821,,
Texas,,,28.41087758,-99.61095558,0.4577810888788537,,
Texas,,,28.43294327,-99.18388497,0.5118395948339033,,
Texas,,,28.43800591,-98.77107269,0.4538171233069004,,
,Federal offshore,,28.4435,-89.0735,,0.021887625552394107,
Federal offshore,Federal offshore,,28.4535,-88.236,0.30977149570342516,0.22451086472818166,
Federal offshore,Federal offshore,,28.462,-88.121,0.41507980790177323,0.3219306044196057,
Federal offshore,Federal offshore,,28.466,-89.025,0.35164039688631993,0.126716667026265,
Federal offshore,,,28.476,-88.137,0.20338238533361835,,
Texas,,,28.51606075,-98.83999281,0.39647059130189594,,
Texas,,,28.53293184,-99.11200756,0.4721063192282485,,
,Federal offshore,,28.561,-88.434,,0.340681647115141,
,Federal offshore,,28.563,-88.237,,0.22477780134020917,
Federal offshore,,,28.608,-88.0155,0.5462258312291186,,
Texas,,,28.60847798,-99.14637073,0.24263847471868127,,
Federal offshore,,,28.609,-87.9165,0.39215551620081956,,
,,Bee County,28.6245,-97.9375,,,0.6841548923703402
Texas,,,28.62602642,-98.86402269,0.23287921543357948,,
Texas,,,28.66097349,-98.70660111,0.2923851530939712,,
Texas,,,28.67840617,-98.17184763,0.47953255644412496,,
Texas,,,28.68649442,-98.42044845,0.38469834998928276,,
Federal offshore,Federal offshore,,28.687,-90.313,0.46924188459613836,0.015242154393627095,
Texas,,,28.70236617,-98.28682698,0.39194154211991555,,
Texas,,,28.71038719,-97.96820862,0.5388069469689849,,
Texas,,,28.71251789,-98.81516524,0.28624879662954983,,
Texas,,,28.73709423,-98.0079158,0.6111798760345967,,
Texas,,,28.76574625,-97.9569424,0.6705019485959879,,
,Federal offshore,,28.782,-88.0665,,0.3912048509093581,
Federal offshore,Federal offshore,,28.79175,-89.05575,0.34976543364537427,0.14318635198288174,
Texas,,,28.79759827,-97.97512416,0.43171848889770437,,
Federal offshore,Federal offshore,,28.859,-88.958,0.2508293599250884,0.14192925517369273,
,,Matagorda County,28.8678,-95.9168,,,0.6045708198528301
Texas,,,28.87636295,-97.93562331,0.566293338934332,,
Texas,,,28.93363449,-98.00481559,0.35083762678267144,,
Federal offshore,,,28.93975,-89.702,0.25673822680471864,,
Texas,,,28.95772262,-97.83119701,0.22589179163246298,,
,Federal offshore,,28.9598,-88.6084,,0.24501623343189408,
Texas,,,28.96614837,-97.85165585,0.3264572196378366,,
Texas,,,28.97057372,-97.99116318,0.24663581453042321,,
Texas,,,28.97829658,-97.85267839,0.3711397728912331,,
Texas,,,28.99158805,-97.85821751,0.3801470181013224,,
Federal offshore,Federal offshore,,28.999,-88.143,0.4021678216496139,0.1688853332344748,
Texas,,,29.00167197,-97.51036163,0.4446835941287348,,
,Federal offshore,,29.033,-90.14077778,,0.1871838059823867,
,Louisiana,,29.04078997,-89.28189045,,0.05614749969930748,
Texas,,,29.050888,-97.62652344,0.644331029848595,,
Federal offshore,Federal offshore,,29.06525,-88.06925,0.32625285586700187,0.09322172263110465,
,Louisiana,,29.07484204,-89.16974745,,0.04822389297910215,
,Louisiana,,29.07901052,-90.31017573,,0.035214536973610794,
Louisiana,Louisiana,,29.08979909,-90.14878324,0.20772111931351045,0.1839474134021564,
Texas,,,29.09659691,-97.51219701,0.5902373369316506,,
Federal offshore,Federal offshore,,29.1095,-87.946,0.2110026995273815,0.10617077302758664,
Louisiana,,,29.11971228,-89.39681889,0.1585670470516078,,
,Federal offshore,,29.138,-94.533,,0.13869754884364943,
Louisiana,Louisiana,,29.15997451,-89.46575478,0.0322792685811335,0.02350782361967826,
,Federal offshore,,29.1915,-88.7325,,0.10045925324132968,
,Louisiana,,29.24088,-89.18350552,,0.04693183560896908,
Louisiana,,,29.24629198,-89.409263,0.07269260777937678,,
Louisiana,,,29.28203925,-91.14035352,0.2896183120341115,,
,Louisiana,,29.29654204,-91.00304935,,0.026813667023761846,
Louisiana,,,29.33444112,-90.22535376,0.24288286311395557,,
Louisiana,,,29.38341894,-91.48910631,0.09549584024684374,,
Louisiana,Louisiana,,29.39346926,-90.29592936,0.297075456343566,0.04729571958383614,
,Federal offshore,,29.398,-92.013,,0.05036250478019496,
Louisiana,,,29.39897132,-91.76347171,0.42824290442367796,,
Louisiana,,,29.41959546,-91.47195564,0.44862799837098033,,
,Louisiana,,29.45811672,-91.92797892,,0.007119296575657411,
Louisiana,Louisiana,,29.49937299,-90.3637917,0.1448699123980597,0.038176953637805,
,Louisiana,,29.52654012,-89.48479184,,0.03709351376162961,
Louisiana,Louisiana,,29.5386345,-90.85853993,0.11627584657643841,0.02695773951818744,
Texas,,,29.542834,-95.39756786,0.18984884819930065,,
Louisiana,,,29.55268743,-91.03923653,0.2696915357727375,,
,Louisiana,,29.57187095,-89.12764515,,0.08787926684889223,
Louisiana,Louisiana,,29.60421631,-91.52960632,0.14272325742681657,0.03255452012173596,
Louisiana,,,29.65963699,-90.45850621,0.2787295014303831,,
,Texas,,29.68921508,-94.51181516,,0.20127468078406224,
Louisiana,Louisiana,,29.71941387,-91.49081195,0.3017287532606122,0.019447757424875235,
,,Val Verde County,29.7449,-100.784,,,0.6028176749072129
,Louisiana,,29.79517615,-91.31959858,,0.05356807507483053,
Louisiana,Louisiana,,29.80922183,-91.80156296,0.11367890333442304,0.05405942574827072,
,Louisiana,,29.88845286,-91.98907318,,0.03289053718137877,
Louisiana,Louisiana,,29.91040164,-91.12593106,0.16423274005837563,0.0022369580527517117,
Louisiana,,,29.94944757,-93.74637005,0.24851041187651246,,
Louisiana,,,29.95192083,-91.32280194,0.5217678635900602,,
Louisiana,,,30.00637434,-93.04584734,0.2526520333732976,,
Louisiana,Louisiana,,30.13351628,-92.71570445,0.25351369501967397,0.0014320851306214464,
Texas,,,30.18393117,-96.79393149,0.39769247216322673,,
Texas,,,30.22521369,-96.7503157,0.3132380011766233,,
,Louisiana,,30.26672879,-91.61433851,,0.19578957085293494,
Texas,,,30.32758407,-96.49897234,0.49769044884144487,,
Texas,,,30.4026408,-96.53876335,0.4953544634788658,,
Texas,,,30.45083252,-102.7928171,0.4584830137476351,,
Texas,,,30.5976683,-96.61342496,0.2831169147966908,,
Louisiana,,,30.60120282,-91.51612253,0.35406625292818517,,
,Louisiana,,30.76182787,-92.44884813,,0.03579581911138922,
Texas,,,30.7770302,-94.33166988,0.43960310918656853,,
,,Pecos County,30.7835,-102.526,,,0.5814903381467871
Texas,,,30.83233459,-96.24392613,0.6502952845152526,,
Texas,,,30.83413497,-98.40321151,0.16922277779662337,,
Texas,,,30.89017752,-101.9510614,0.5408196116657569,,
Texas,,,30.91079272,-101.2034341,0.42504087752799913,,
,,Pecos County,30.9149,-102.078,,,0.6208248449915643
,,Crockett County,30.936,-101.607,,,0.6590625886188841
,,Pecos County,30.9432,-102.425,,,0.5094775752709397
,Louisiana,,30.94806105,-92.51582312,,0.020000349561177147,
Texas,,,30.99602518,-96.4636569,0.4537060639368308,,
,,Crockett County,31.0362,-101.629,,,0.6997373037376682
Texas,,,31.05880158,-103.4242978,0.4278059924963329,,
,,Schleicher County,31.0696,-100.685,,,0.6124152090428434
Texas,,,31.09110717,-96.36304905,0.6420073187369022,,
,,Upton County,31.1081,-101.916,,,0.45469255528054425
Texas,,,31.12815124,-103.558001,0.4797428738133136,,
Texas,,,31.16614957,-101.2694066,0.4312900204868241,,
Texas,,,31.16858073,-103.5040194,0.25326229250811655,,
Texas,,,31.17087415,-103.1058177,0.6520229085784272,,
Texas,,,31.17806859,-103.3279694,0.49216869743431546,,
Texas,,,31.1781635,-103.5655671,0.5104400978928615,,
Texas,,,31.18129654,-103.863999,0.7287027670705936,,
,,Reagan County,31.1856,-101.371,,,0.6997373037376682
,,McCulloch County,31.2185,-99.4171,,,0.6287563956881035
Texas,,,31.22898514,-101.3944171,0.6150335532668058,,
Texas,,,31.2321017,-103.213041,0.43259062841564344,,
Texas,,,31.23259596,-103.2032317,0.40014216482400977,,
Texas,,,31.2565304,-103.4240505,0.495003865325491,,
Texas,,,31.26733525,-101.3995258,0.5781598058202976,,
Texas,,,31.26796499,-101.4270239,0.6282242064387377,,
Texas,,,31.28708585,-103.4969502,0.46877512414744993,,
Texas,,,31.31564976,-103.5909208,0.5276004142827612,,
Texas,,,31.33135418,-101.9496046,0.4701494855037087,,
Texas,,,31.33484763,-103.3895331,0.4051549224173776,,
Texas,,,31.34742441,-98.61447568,0.42579118617945166,,
,,Mills County,31.3938,-98.3594,,,0.6411434543368497
Texas,,,31.42846808,-96.22116018,0.5005533491102612,,
Texas,,,31.4341013,-103.2395951,0.27104211870099293,,
Texas,,,31.4341634,-96.28841514,0.4986863519480018,,
Texas,,,31.50925314,-103.6955577,0.6456494538866646,,
Texas,,,31.52330711,-102.6296257,0.3657970454023966,,
Texas,,,31.52761614,-101.7420475,0.6811983556570556,,
Texas,,,31.53550963,-102.6973584,0.38488157665444117,,
Texas,,,31.54651146,-94.27049456,0.8648460283011975,,
,,Mills County,31.5523,-98.537,,,0.6433831450052341
Texas,,,31.55406905,-94.39765411,0.6435855922073891,,
Texas,,,31.55598671,-102.1906083,0.42846508515682213,,
Texas,,,31.57057816,-103.5111034,0.6687839524966384,,
Texas,,,31.57733229,-102.0643112,0.3707762161398444,,
,,Mills County,31.5794,-98.4958,,,0.7008456436158912
Texas,,,31.57941589,-94.31524768,0.5460044323593594,,
Texas,,,31.5902684,-103.3428739,0.37559258160135717,,
Texas,,,31.59096259,-101.6440961,0.44199438998882745,,
Texas,,,31.59912411,-103.7033193,0.4534869461854485,,
,Louisiana,,31.60132579,-92.62267917,,0.02732251686295623,
Texas,,,31.63480645,-103.1943904,0.39148728005404987,,
Texas,,,31.64200817,-104.0571823,0.5152908133493285,,
Texas,,,31.64563004,-103.8034477,0.6476991205449675,,
Texas,,,31.69193619,-103.4619754,0.42881714463005616,,
,,Glasscock County,31.695,-101.386,,,0.6482947743639496
Texas,,,31.69659614,-101.886608,0.583857635782531,,
Texas,,,31.70915021,-103.7502069,0.7690575496098272,,
Texas,,,31.71967088,-103.6943496,0.4929917699403964,,
Texas,,,31.72784804,-102.9572526,0.4112623436764452,,
Texas,,,31.73525208,-103.8582756,0.5919853979866659,,
Texas,,,31.74681726,-103.7395418,0.44812574937690464,,
Texas,,,31.75219435,-102.1164785,0.4354435301853389,,
,,Glasscock County,31.7538,-101.626,,,0.6412844929840049
,,Limestone County,31.7747,-96.8282,,,0.6997373037376682
Texas,,,31.77899907,-94.18985112,0.7415645553166433,,
Texas,,,31.77974523,-103.6698597,0.7726876670175487,,
Texas,,,31.78356322,-103.3580776,0.27264984441642587,,
Louisiana,,,31.79197197,-93.6019469,0.2645975314900669,,
Texas,,,31.8118578,-102.3695291,0.3483434394676501,,
Texas,,,31.81232496,-102.1469227,0.42120438732679955,,
Texas,,,31.81681067,-101.7662747,0.6774429160332779,,
Texas,,,31.81924704,-103.6026747,0.6984436941307378,,
Louisiana,,,31.82385603,-93.5725128,0.61325641962466,,
Louisiana,,,31.85712606,-93.76783184,0.23234639102277083,,
Texas,,,31.85813954,-102.15386,0.6732611247476128,,
,,,31.8627,-100.927,,,0.7258754294882306
Texas,,,31.86330709,-104.1339926,0.5382734136252544,,
Texas,,,31.86437567,-103.6694779,0.5838591233733958,,
Texas,,,31.86671216,-101.8816554,0.433514894509781,,
Texas,,,31.87892304,-102.1203944,0.5427971538010822,,
Texas,,,31.88119892,-101.9330194,0.6014416499087049,,
Texas,,,31.88251784,-102.9709837,0.33125409072806394,,
Louisiana,,,31.89,-93.73,0.5774933248661915,,
Texas,,,31.89614309,-103.3976289,0.44151004280243866,,
Texas,,,31.91093407,-101.8841377,0.8489182678226314,,
Texas,,,31.91584393,-102.2158839,0.2733436106905154,,
Louisiana,,,31.9171054,-93.53977983,0.4678939084111452,,
Texas,,,31.92211715,-103.8628805,0.5713376679950342,,
Texas,,,31.93087849,-104.0347851,0.6489906634196374,,
Louisiana,,,31.93244081,-93.92609587,0.30115720433658527,,
Texas,,,31.93727483,-104.1896401,0.7473170938965449,,
Louisiana,,,31.93979354,-93.32633839,0.6534965373204761,,
Louisiana,,,31.94544373,-93.44367523,0.48094128647268986,,
Louisiana,,,31.96068912,-93.43003732,0.5202123763281569,,
,,Coke County,31.9616,-100.789,,,0.4981558784339078
Louisiana,Louisiana,,31.96271317,-93.78808731,0.6158566026480691,6.9894417683570865e-06,
,,Winkler County,31.9667,-102.809,,,0.5358252472012346
Louisiana,,,31.98,-93.7,0.6220637006292729,,
,Louisiana,,31.98076488,-93.99457456,,0.0030076399074140583,
Texas,,,31.99635305,-101.845793,0.7710101807054234,,
,,Sterling County,31.997,-101.147,,,0.6534276031958095
Louisiana,,,32.006657,-93.80915022,0.5017113037165685,,
Louisiana,,,32.02,-93.97,0.49972866398628024,,
Louisiana,,,32.02012421,-93.79048035,0.5034134015968472,,
Louisiana,,,32.0204576,-93.45241014,0.0,,
Louisiana,,,32.02815509,-93.85926447,0.4925713072984562,,
Louisiana,,,32.03026378,-93.25656873,0.5138468127480658,,
Louisiana,,,32.03483196,-93.49704315,0.23977414053307078,,
Louisiana,,,32.03806227,-93.39326545,0.3372720952408583,,
Louisiana,,,32.0427497,-93.89347827,0.5062306617178203,,
Texas,,,32.05085083,-94.35472377,0.4703522986530204,,
Louisiana,,,32.05808161,-93.96253774,0.5703767156999104,,
Louisiana,,,32.06481358,-93.57297316,0.7867361034471818,,
Louisiana,,,32.07209127,-93.53142553,0.6163449126107943,,
Texas,,,32.07688937,-101.8769687,0.45182729343754946,,
Texas,,,32.0885168,-94.05909952,0.6451221663617469,,
Texas,,,32.09570527,-101.909321,0.3444829245849712,,
Texas,,,32.10321123,-94.29299111,0.773672172166954,,
,Louisiana,,32.10550825,-94.02707817,,0.00019474696232916482,
Louisiana,,,32.11569273,-93.38874586,0.6658157607176541,,
Louisiana,,,32.12505848,-93.93203165,0.7467158726790113,,
Texas,,,32.12847002,-94.34588485,0.5235868693578073,,
,,Howard County,32.1325,-101.416,,,0.574843475770173
Texas,,,32.13775362,-94.87696157,0.4841315711772225,,
Texas,,,32.14297758,-101.7368414,0.7010075645875147,,
New Mexico,,,32.15156175,-103.7308548,0.3317754063200476,,
Louisiana,,,32.15235115,-93.7908231,0.5608142079793142,,
Texas,,,32.15258553,-101.6061465,0.5705769480748722,,
Texas,,,32.15512669,-101.9330759,0.3692311889524621,,
,,Howard County,32.1576,-101.397,,,0.46503489561085803
Louisiana,,,32.16528458,-93.91469828,0.722632532624451,,
,,Howard County,32.1689,-101.363,,,0.400633367872117
Louisiana,,,32.17,-93.94,0.5452006241593627,,
Texas,,,32.18035925,-102.5270368,0.3881162190621374,,
Texas,,,32.18775385,-101.7277666,0.6692310203585006,,
Texas,,,32.1887808,-94.40710008,0.5433638428873051,,
Louisiana,,,32.2045416,-93.64825751,0.524294638405243,,
Texas,,,32.21190862,-101.9933108,0.8214390850679247,,
,,Martin County,32.2151,-101.852,,,0.5725555929003143
Louisiana,,,32.22330193,-93.63618448,0.20236276846664647,,
Louisiana,,,32.22511037,-93.51493411,0.4692581294457858,,
Texas,,,32.23489127,-94.2576836,0.683688421024835,,
Texas,,,32.24646215,-101.4673707,0.194092571151586,,
,,,32.2526,-100.148,,,0.6992728849081407
Louisiana,,,32.26092111,-93.95555383,0.7022666920999839,,
Louisiana,,,32.26150483,-93.3162617,0.7614528374381119,,
Louisiana,,,32.26309058,-93.78236498,0.6134362824282508,,
Louisiana,Louisiana,,32.29678487,-93.03373775,0.32284418426316164,0.0005436343990313235,
Louisiana,,,32.3030926,-93.91913165,0.616054431263742,,
,,Callahan County,32.307,-99.165,,,0.6016053381932511
,,Cochise County,32.3096,-110.087,,,0.3825054106133182
Texas,,,32.31539275,-95.69487478,0.6091479561514477,,
Texas,,,32.31706672,-94.15320506,0.8781986132783968,,
,,Nolan County,32.3272,-100.475,,,0.5997193942294814
Texas,,,32.33616576,-101.3298691,0.13672459167421366,,
Texas,,,32.33946969,-101.5978066,0.33278494276927234,,
,,Nolan County,32.3401,-100.203,,,0.6640005031845142
Texas,,,32.34160963,-101.6561368,0.3383367951561567,,
Louisiana,,,32.34744363,-93.26162778,0.48170549886844505,,
Louisiana,,,32.35725348,-93.46932099,0.5608730410568692,,
Louisiana,,,32.35993547,-93.65263237,0.22841806597283698,,
Louisiana,,,32.36382451,-93.5258024,0.5820921408485149,,
Louisiana,Louisiana,,32.36768588,-94.02833398,0.760968167044824,1.9657234934402436e-05,
Louisiana,Louisiana,,32.36836594,-92.55447359,0.5138423874559571,0.00013145141417098636,
Louisiana,,,32.37222009,-93.35704338,0.5966623726774622,,
Louisiana,,,32.38054239,-93.8612695,0.5182892469658534,,
Texas,,,32.38090706,-101.597181,0.3320452104703792,,
,,Andrews County,32.3818,-102.9101,,,0.6130206665195261
,,Nolan County,32.4016,-100.143,,,0.5489900327034007
Texas,,,32.40673306,-95.17820857,0.24006286453855896,,
Louisiana,,,32.40922485,-93.94094187,0.32244898089174845,,
Texas,,,32.4211566,-102.8028119,0.2224737848228624,,
Louisiana,,,32.42860454,-93.30050717,0.48394034732000435,,
,,Eastland County,32.4287,-99.1591,,,0.6048456300423495
,,Nolan County,32.4291,-100.189,,,0.6089041375829756
,,Callahan County,32.4392,-99.4028,,,0.6965957741852662
Louisiana,,,32.45727938,-93.59763843,0.5746335447783659,,
Louisiana,Louisiana,,32.45878213,-93.55532614,0.7158346538189891,0.00011486058159535901,
,,Mitchell County,32.4673,-100.687,,,0.5473416939016906
Texas,,,32.46871173,-97.40518642,0.6589864409579168,,
Louisiana,,,32.47,-93.98,0.6044591044275675,,
New Mexico,,,32.47738129,-103.9049631,0.29636721314996906,,
,,Howard County,32.4812,-101.429,,,0.5725555929003143
New Mexico,,,32.48224703,-104.1779721,0.46093774195502857,,
Louisiana,,,32.51383995,-93.14340459,0.4036017198716476,,
New Mexico,,,32.53309062,-104.1019876,0.39568375892628094,,
Texas,,,32.53655807,-97.47733538,0.6203105743911395,,
New Mexico,,,32.54134133,-104.0930456,0.4861967761499367,,
New Mexico,,,32.55833727,-104.0976883,0.39040697797587987,,
,,Luna County,32.5602,-107.521,,,0.45307291161459146
,,Fisher County,32.5604,-100.626,,,0.6738285024062913
Louisiana,Louisiana,,32.58047691,-92.68404841,0.4115753460137386,0.000436628821883422,
New Mexico,,,32.58839508,-104.0794296,0.40199612871108065,,
Texas,,,32.5899467,-102.2328084,0.1720704310680543,,
Texas,,,32.59155554,-100.7122077,0.33552125729339666,,
New Mexico,,,32.59298831,-104.0325357,0.7054440954136594,,
New Mexico,,,32.59387678,-104.0880159,0.4999561204847851,,
Louisiana,,,32.60876648,-92.74333507,0.5852546298613576,,
New Mexico,,,32.63045021,-104.0949082,0.40045189288447275,,
,,Shackelford County,32.6357,-99.4554,,,0.6433831450052341
,Louisiana,,32.63674249,-92.7432674,,0.010482112088377949,
Texas,,,32.63857118,-97.2981989,0.7798061507832784,,
New Mexico,,,32.6505736,-104.2428982,0.40216764887754586,,
New Mexico,,,32.65135073,-104.1119144,0.3684616574706809,,
New Mexico,,,32.6531478,-103.9359119,0.3647710646803573,,
New Mexico,,,32.65375852,-104.0892867,0.5141373196163096,,
New Mexico,,,32.67367244,-104.096469,0.6708058526041825,,
Louisiana,,,32.68466214,-92.72393133,0.29058724875945274,,
New Mexico,,,32.69635535,-104.1135843,0.6414252632895412,,
New Mexico,,,32.69703918,-104.1580715,0.30735952703478453,,
New Mexico,,,32.6995189,-104.16996,0.6481630723348394,,
New Mexico,,,32.70033702,-104.0974715,0.4954520360180754,,
,,San Diego County,32.7217,-116.344,,,0.45198261130743395
New Mexico,,,32.74723593,-104.0924803,0.6569135097954977,,
Louisiana,,,32.74986208,-92.12016604,0.29705104875022414,,
New Mexico,,,32.75099626,-104.1528324,0.7397316940392941,,
New Mexico,,,32.75198399,-104.1277097,0.45728924825731276,,
New Mexico,,,32.75424457,-104.166285,0.4415531696796434,,
New Mexico,,,32.755126,-103.9833459,0.37432622877649696,,
,,Scurry County,32.756,-100.8301,,,0.5836374224882948
New Mexico,,,32.75662423,-104.1025723,0.679245317244289,,
Texas,,,32.75772628,-102.693827,0.45231117342542315,,
New Mexico,,,32.77141403,-104.123954,0.7571615813586828,,
,Louisiana,,32.77579731,-93.91110416,,0.030709749496011865,
New Mexico,,,32.7874511,-103.9522623,0.44513231729128966,,
New Mexico,,,32.78787406,-103.9187293,0.5455822671412011,,
New Mexico,,,32.80593878,-104.1111504,0.5527351573597873,,
Louisiana,Louisiana,,32.80598146,-93.37178136,0.45759905637111087,0.017301004744569547,
New Mexico,,,32.82943951,-104.0907043,0.42854277231302496,,
,,Scurry County,32.8381,-100.877,,,0.6701519970223577
New Mexico,,,32.85028517,-103.9762059,0.47293368380353595,,
New Mexico,,,32.86325956,-104.0047856,0.39548238741729785,,
Louisiana,,,32.87079789,-93.50596493,0.2526844227029072,,
Texas,,,32.89892213,-97.25623714,0.6218296967869208,,
,,Borden County,32.9055,-101.6298,,,0.6508189715534516
,,Fisher County,32.9133,-100.568,,,0.674385619830713
New Mexico,,,32.93242168,-104.1634315,0.5992210630185453,,
,,Scurry County,32.939,-101.099,,,0.630290012544199
New Mexico,,,32.94042423,-104.1325502,0.42813929285785635,,
,,Lea County,32.9511,-103.279,,,0.3697881567140422
New Mexico,,,32.96381213,-104.1163145,0.2879589722217135,,
New Mexico,,,32.96519448,-104.2388718,0.29494055098426364,,
,,,32.9836,-101.246,,,0.5232722755216148
Texas,,,32.98692251,-102.4798859,0.3907548639990298,,
New Mexico,,,32.98810692,-104.0630353,0.30381037785496257,,
,,Kent County,32.9946,-100.522,,,0.3825054106133182
,,Chaves County,33.0139,-103.865,,,0.2379107730921421
Texas,,,33.02500499,-102.7818922,0.5427480126750394,,
New Mexico,,,33.03082777,-104.152082,0.3924752295896739,,
,,Lynn County,33.033,-101.673,,,0.47968891900442373
,,Chaves County,33.036,-103.855,,,0.15331983658791637
New Mexico,,,33.06024391,-104.0741712,0.4522964869978776,,
Texas,,,33.0832064,-102.9995861,0.35742112474011506,,
Texas,,,33.09329989,-97.42324174,0.7996527082548084,,
,,Lea County,33.102,-103.743,,,0.6540722127921159
New Mexico,,,33.14945905,-104.2657812,0.3577139792009745,,
Texas,,,33.15197879,-102.9313039,0.3388931700584222,,
,,Throckmorton County,33.1855,-99.2359,,,0.7212634690393227
,,Haskell County,33.1983,-99.3906,,,0.7002001822034065
,,Jack County,33.2108,-98.3557,,,0.6034661354873763
New Mexico,,,33.2134315,-104.1840481,0.5154870170991265,,
,,Throckmorton County,33.2762,-99.4466,,,0.649496139568811
,,Lea County,33.3566,-103.281,,,0.3820544967170608
New Mexico,,,33.44593868,-104.1494144,0.5422669713807897,,
New Mexico,,,33.47903498,-104.2800742,0.5436109294344029,,
,,Cochran County,33.499,-102.8602,,,0.6034661354873763
,,,33.5036,-98.5805,,,0.6141381658587652
Texas,,,33.5885799,-97.68079091,0.5552285627196784,,
,,Lubbock County,33.5914,-102.0569,,,0.08957567101363448
Texas,,,33.59325957,-102.4199326,0.2675241187546526,,
,,Knox County,33.6093,-99.5823,,,0.6601135266533469
,,Baylor County,33.6747,-99.3878,,,0.6034661354873763
,,Cooke County,33.6925,-97.3346,,,0.5788694586892928
,,Knox County,33.732,-99.7347,,,0.6703238308993702
,,Crosby County,33.7441,-101.484,,,0.32815259205068376
,,Crosby County,33.7463,-101.436,,,0.5165452996356352
,,Roosevelt County,33.832,-103.311,,,0.7768389299186
,,Wilbarger County,33.8525,-99.0442,,,0.7276328180422094
,,Riverside County,33.9053,-116.5825,,,0.18446124395795305
,,Riverside County,33.9077,-116.5801,,,0.47968891900442373
,,Riverside County,33.9089,-116.5556,,,0.1748327554627674
,,Hale County,33.9119,-101.628,,,0.7645744757034265
,,Riverside County,33.9141,-116.592,,,0.3408484068640458
,,Riverside County,33.9142,-116.7492,,,0.0518545662940999
,,Riverside County,33.9166,-116.729,,,0.424886638766714
,,Riverside County,33.9166,-116.569,,,0.437582453580076
,,Riverside County,33.9172,-116.815,,,0.0
,,Riverside County,33.9461,-116.6769,,,0.3825054106133182
,,Bailey County,34.0741,-102.621,,,0.6019794878261535
,,San Bernardino County,34.0847,-117.5294,,,0.0
,,Catron County,34.1031,-108.9078,,,0.5473416939016906
,,Wilbarger County,34.108,-99.2097,,,0.6316560044888193
,,Floyd County,34.1112,-101.101,,,0.47651185787775524
,,Wilbarger County,34.1264,-99.0377,,,0.662797411858856
,,Hardeman County,34.1569,-99.5354,,,0.6433831450052341
,,Floyd County,34.1906,-101.393,,,0.6997373037376682
,,Briscoe County,34.2772,-101.189,,,0.6433831450052341
,,Torrance County,34.3284,-105.6009,,,0.9910592827735447
,,Lincoln County,34.3907,-105.492,,,0.5540849248374213
,,Garvin County,34.4137,-97.3279,,,0.5939036473384112
,,Coahoma County,34.4692,-90.3927,,,0.6321836335841586
,,Johnston County,34.4874,-96.7805,,,0.7013507058629109
,,,34.489,-105.969,,,0.5459530483202244
,,Murray County,34.5149,-96.9106,,,0.5690518675506988
,,Quay County,34.5374,-104.081,,,0.646133139984354
,,San Bernardino County,34.5619,-117.3072,,,0.0366149610463867
,,Santa Barbara County,34.5798,-120.5643,,,0.540691461338779
,,Pushmataha County,34.5893,-95.2087,,,0.5473416939016906
,,San Bernardino County,34.6231,-117.1125,,,0.031141407370036706
Oklahoma,,,34.63044424,-97.59872462,0.5060054975213254,,
,,Quay County,34.6308,-103.976,,,0.4544239166422866
,,Navajo County,34.6706,-110.258,,,0.4836702335801509
,,Navajo County,34.6815,-110.8017,,,0.6675487721843119
,,Los Angeles County,34.691,-118.221,,,0.0518545662940999
Oklahoma,,,34.74343116,-97.57505773,0.625008011860897,,
,,Curry County,34.7478,-103.269,,,0.32815259205068376
,,Randall County,34.7615,-102.084,,,0.614991732614317
,,Curry County,34.7957,-103.071,,,0.6692896396163446
,,Torrance County,34.81,-105.74,,,0.594889925149938
,,Guadalupe County,34.815,-105.081,,,0.5327912640272814
Oklahoma,,,34.90544534,-95.83459415,0.5833672165750207,,
,,Caddo County,34.907,-98.5538,,,0.5459530483202244
,,Quay County,34.9652,-103.317,,,0.4769701759562826
,,Caddo County,34.9668,-92.3678,,,0.5473416939016906
,,Caddo County,34.9806,-98.3692,,,0.7012131427867334
,,Kern County,34.9836,-118.227,,,0.6034661354873763
,,Kern County,35.0179,-118.314,,,0.6034661354873763
,,Kern County,35.0275,-118.271,,,0.5725555929003143
,,Kern County,35.0375,-118.354,,,0.1333490077624169
,,Kern County,35.0506,-118.257,,,0.5076532652477919
,,Kern County,35.0594,-118.217,,,0.6191829704129979
,,Kern County,35.0608,-118.265,,,0.4313788665242025
,,Kern County,35.0612,-118.259,,,0.5459530483202244
,,Kern County,35.0644,-118.335,,,0.5500782076472719
,,Kern County,35.0706,-118.379,,,0.35579477949408406
,,Kern County,35.0765,-118.313,,,0.47605202968750987
,,Kern County,35.0808,-118.361,,,0.48690337577226467
,,Kern County,35.0818,-118.304,,,0.3779293373900135
,,Kern County,35.0976,-118.3213,,,0.44058381075049485
,,Kiowa County,35.1803,-98.9782,,,0.6023526370577741
,,Washita County,35.1882,-98.8868,,,0.5058047914760804
,,Kern County,35.2768,-118.198,,,0.2902021401480906
,California,,35.27722873,-119.4309123,,0.1574632332350971,
,,Oldham County,35.2812,-102.682,,,0.6391537992384972
,,Oldham County,35.2943,-102.309,,,0.6132793463516655
,,Gray County,35.3038,-101.037,,,0.6433831450052341
,,Kern County,35.3064,-118.226,,,0.6141381658587652
,,Carson County,35.3227,-101.536,,,0.2557509081721338
,,,35.3237,-98.0737,,,0.5445504462679747
,,Carson County,35.386,-101.579,,,0.5165452996356352
,,Carson County,35.4397,-101.419,,,0.630290012544199
,California,,35.45220574,-118.9978984,,0.5896571801106107,
Texas,,,35.46247562,-100.0557083,0.48628953634604943,,
,,,35.4947,-98.7432,,,0.6097902213817756
,,Roger Mills County,35.4985,-99.6587,,,0.5487166580234641
Oklahoma,,,35.60606341,-97.98080545,0.5316111113477481,,
,,Canadian County,35.6463,-98.0982,,,0.6967853263087798
,,Roberts County,35.6481,-100.543,,,0.6943490350340971
Oklahoma,,,35.73954091,-98.5409678,0.4562673806466433,,
,,Custer County,35.7431,-98.6726,,,0.8672965958383516
Oklahoma,,,35.76808744,-98.34804482,0.6537195210969378,,
,,Mohave County,35.8005,-114.441,,,0.7211839716122328
Oklahoma,,,35.80794679,-98.38184421,0.48922743986031947,,
Oklahoma,,,35.80925801,-98.42346929,0.8839690203122738,,
,,Moore County,35.8114,-101.995,,,0.2379107730921421
Oklahoma,,,35.8142002,-98.10867302,0.585725005159832,,
Oklahoma,,,35.83581459,-98.0577754,0.7257255318709117,,
Oklahoma,,,35.84272697,-98.39997635,0.5987417425024477,,
,,Dewey County,35.8468,-98.9317,,,0.5836374224882948
Oklahoma,,,35.84763921,-97.72134295,0.6106616551066785,,
,California,,35.9425204,-120.8492921,,0.20341753335957397,
,,Hutchinson County,35.9643,-101.5402,,,0.2379107730921421
,,Logan County,35.9894,-97.5895,,,0.6444207537217022
,,Dewey County,36.0271,-98.7542,,,0.6426870950362544
,,Kingfisher County,36.0368,-97.7584,,,0.6994123729052428
Oklahoma,,,36.056079,-97.90941,0.48797981673709456,,
,,Anderson County,36.1346,-84.3583,,,0.3683008488948278
Texas,,,36.14589238,-100.7715472,0.40549090011484323,,
,,Ellis County,36.1478,-99.6299,,,0.6597435103619571
,California,,36.17673373,-120.3957941,,0.28622504770939355,
,,Woodward County,36.1794,-99.3409,,,0.642407700089118
,,Woodward County,36.1817,-98.9589,,,0.5473416939016906
,,Garfield County,36.2701,-97.5397,,,0.6728762685689607
,,Monterey County,36.2745,-121.1916,,,0.0518545662940999
,,Woodward County,36.2808,-99.5031,,,0.6051199001525371
,,Perquimans County,36.2974,-76.4462,,,0.6488299916239038
,,Major County,36.2999,-98.1619,,,0.6940595961550655
,,Woodward County,36.3316,-99.4315,,,0.5489900327034007
,,Hansford County,36.3701,-101.5551,,,0.6501591229034736
,,Ochiltree County,36.4567,-101.001,,,0.6743300080628993
,,Monterey County,36.4593,-121.3501,,,0.08957567101363448
,,Ellis County,36.487,-99.739,,,0.674385619830713
,,Hansford County,36.4884,-101.368,,,0.565457907666143
,,Monterey County,36.505,-121.4517,,,0.0
,,Texas County,36.508,-101.662,,,0.6433831450052341
,,Woods County,36.5149,-98.6784,,,0.6426870950362544
,,Garfield County,36.5255,-97.6952,,,0.4879646563960886
,,Garfield County,36.5337,-98.227,,,0.674385619830713
,,,36.5801,-99.283,,,0.5500782076472719
,,Beaver County,36.6081,-100.581,,,0.6419875560804256
,,Harper County,36.6488,-99.6332,,,0.5725555929003143
,,Osage County,36.7224,-96.6613,,,0.6038353360452489
,,Harper County,36.7777,-99.6409,,,0.3206440085622982
,,Kay County,36.8357,-97.2494,,,0.6433831450052341
,,Northampton County,36.8868,-75.4916,,,1.0
,,Virginia Beach County,36.8868,-75.4916,,,0.2612244618484838
,,Kay County,36.9143,-97.4168,,,0.6075643730904905
,,Grant County,36.9446,-97.7344,,,0.6051199001525371
,,Kay County,36.9786,-97.0806,,,0.6201704112976802
,,Kay County,36.984,-97.2084,,,0.6992728849081407
,Colorado,,37.0761,-107.7211,,7.141282547730569e-05,
Colorado,,,37.1100149,-107.6982124,0.5280666246848607,,
,,Sumner County,37.1133,-97.2599,,,0.6034661354873763
Colorado,,,37.13940533,-107.8531366,0.4805081734748172,,
Colorado,,,37.19143292,-104.7824066,0.570833841042725,,
,,Lawrence County,37.2698,-94.042,,,0.6029104968125185
,,Clark County,37.3771,-99.9468,,,0.6433831450052341
,,,37.3934,-98.0307,,,0.60621162198697
,,Kiowa County,37.5496,-99.3415,,,0.2664914163316887
,,Pratt County,37.5772,-98.1768,,,0.557209482130147
,,Gray County,37.6133,-100.355,,,0.5632562501461027
,,San Joaquin County,37.6167,-121.3564,,,0.0
,,Haskell County,37.644,-101.102,,,0.6742743741257533
West Virginia,,,37.72159092,-82.10434567,0.46957933026248044,,
,,Alameda County,37.7464,-121.616,,,0.44058381075049485
,,Prowers County,37.7599,-102.565,,,0.5076532652477919
,,Las Animas County,37.7611,-104.383,,,0.47466338410604364
,,Alameda County,37.7682,-121.6764,,,0.2379107730921421
,,Huerfano County,37.7722,-104.8322,,,0.05658578987188617
,,Alameda County,37.7746,-121.658,,,0.3141851718157316
,,Contra Costa County,37.8036,-121.655,,,0.4145442984364001
,West Virginia,,37.81628108,-81.95725256,,0.00042572918207125436,
,,Ford County,37.8386,-99.774,,,0.6191003674336806
,,Ford County,37.8608,-99.7433,,,0.44639955764156497
,,Gray County,37.8641,-100.235,,,0.6171868782750158
West Virginia,,,37.93766667,-80.05105006,0.6143145660099117,,
,,Allen County,37.9918,-95.2782,,,0.6428962747848583
,,Prowers County,38.0333,-102.5379,,,0.14117672637611187
,,Greenbrier County,38.0822,-80.5169,,,0.5473416939016906
,,Solano County,38.0938,-121.772,,,0.4836702335801509
,,Solano County,38.1167,-121.8333,,,0.2944965629640282
,,Solano County,38.141,-121.855,,,0.5500782076472719
,,Solano County,38.149,-121.795,,,0.29866277471951763
,,Solano County,38.1626,-121.793,,,0.4109192185317618
,,Solano County,38.2322,-122.0928,,,0.031141407370036706
,,Coffey County,38.3528,-95.557,,,0.6426870950362544
,,Solano County,38.42,-121.8181,,,0.0
,,Rush County,38.4296,-99.5371,,,0.4538850830405399
,,Millard County,38.5982,-112.899,,,0.5500782076472719
,,Sussex County,38.7829,-75.1649,,,0.05658578987188617
,,,38.8792,-98.0461,,,0.6819603789234883
,,Ellsworth County,38.8968,-98.3357,,,0.6440757406177209
,,El Paso County,38.9244,-104.224,,,0.674385619830713
,,Cheyenne County,38.9793,-102.323,,,0.7702831541751849
,,Kit Carson County,39.0888,-103.0251,,,0.6992728849081407
,,Elbert County,39.1036,-103.227,,,0.796239334224893
,,Tucker County,39.2076,-79.515,,,0.49006330841731766
,,Grant County,39.2259,-79.1303,,,0.5514266019965743
,,Grant County,39.2317,-79.2037,,,0.5473416939016906
Colorado,,,39.23569224,-107.7676528,0.35526215944363615,,
West Virginia,West Virginia,,39.25999806,-80.45571759,0.674819435417336,3.4508194818610194e-05,
Colorado,,,39.27222069,-107.8360716,0.443213397400789,,
West Virginia,,,39.27328159,-80.92867123,0.7731138152854874,,
,,Garrett County,39.2776,-79.4451,,,0.4215236391822567
West Virginia,West Virginia,,39.28692158,-80.7158273,0.8336600365254636,0.1151865487686349,
,,Thomas County,39.3186,-100.8662,,,0.6404361151161666
West Virginia,West Virginia,,39.33396799,-81.0095741,0.518744413494589,0.004676268930857429,
,,Mineral County,39.3432,-79.1115,,,0.5666662072442876
,,Lincoln County,39.3586,-103.369,,,0.6440757406177209
,,Atlantic County,39.3822,-74.4475,,,0.20192872800348743
,Colorado,,39.40868218,-108.0204516,,0.001384557803506172,
West Virginia,,,39.41465675,-80.837478,0.6650545334904565,,
,West Virginia,,39.41623545,-80.86408848,,0.3269117951665773,
West Virginia,West Virginia,,39.41666667,-81.08333333,0.432202020985335,0.017286677184652197,
,,Cloud County,39.4263,-97.5622,,,0.5540849248374213
West Virginia,West Virginia,,39.43567661,-80.82930911,0.5916390083173784,0.011430588619070328,
,Colorado,,39.4544,-108.0075,,0.016118954856030026,
,West Virginia,,39.4589819,-80.76459329,,0.018463846501254027,
,Colorado,,39.46417795,-108.0971334,,0.015745936787932402,
West Virginia,,,39.4715215,-80.31845624,0.5751376882758827,,
,Colorado,,39.49807458,-107.8784541,,0.05373704819833454,
,Colorado,,39.52,-108.1401,,0.048992158421998534,
West Virginia,,,39.54356884,-80.65784741,0.6508509243894729,,
,Colorado,,39.55217959,-108.1289748,,0.03350332425485872,
West Virginia,West Virginia,,39.57679151,-80.65558074,0.7398920505655335,0.0685466968678274,
,,Nemaha County,39.5938,-96.0831,,,0.6997373037376682
West Virginia,West Virginia,,39.66666667,-80.5,0.42142469692977347,0.005721157108999859,
West Virginia,,,39.67251888,-80.35613002,0.4771969567355553,,
West Virginia,,,39.68435423,-80.17622103,0.7602063385132626,,
,,Marshall County,39.6987,-96.5513,,,0.7000152150067045
Ohio,,,39.71880085,-80.94267491,0.7788434356648939,,
,,Somerset County,39.7312,-79.2007,,,0.4211828386967003
,,,39.7441,-78.8898,,,0.5929103496969248
West Virginia,West Virginia,,39.75347505,-80.7782858,0.8280352585098886,0.2720354234875871,
Ohio,,,39.75739225,-81.08653687,0.6998081729846936,,
,,Fayette County,39.7644,-79.7247,,,0.45307291161459146
Colorado,,,39.7757615,-104.6279737,0.5603743499418148,,
Ohio,,,39.83080999,-80.91347199,0.7312722940987851,,
,,Marshall County,39.8611,-96.3724,,,0.5054321404416231
,Ohio,,39.8811395,-81.3489624,,0.035623879155527866,
West Virginia,,,39.884158,-80.6869647,0.6527114074101209,,
,,DeKalb County,39.8932,-94.4797,,,0.6440066355261962
Colorado,,,39.89530304,-108.2429562,0.5363616004239612,,
,Colorado,,39.90865112,-108.3638157,,0.014417443435620132,
,,Somerset County,39.9297,-79.3856,,,0.2902021401480906
,,Logan County,39.9448,-89.2967,,,0.4879646563960886
,,Logan County,39.9619,-89.3059,,,0.6433831450052341
,,Brown County,39.9733,-90.6992,,,0.031141407370036706
,,DeKalb County,39.9744,-94.552,,,0.6034661354873763
Ohio,,,39.97583189,-80.99435784,0.8113331223365453,,
,,Dewitt County,39.9986,-89.0965,,,0.6891450837891508
,Pennsylvania,,40.01476276,-79.83788168,,0.0,
,,Somerset County,40.0252,-78.834,,,0.4586612889650435
Colorado,,,40.05272512,-104.6046814,0.5537145041313888,,
,Pennsylvania,,40.05385663,-80.1222037,,0.0,
,Pennsylvania,,40.06130707,-80.25480689,,0.0,
,,Utah County,40.0739,-111.587,,,0.3206440085622982
,West Virginia,,40.08223565,-80.57937574,,0.3299529944745215,
,,Logan County,40.0929,-89.2468,,,0.6433831450052341
Pennsylvania,,,40.093296,-80.1875695,0.6115197950586858,,
Ohio,,,40.09991816,-80.95831393,0.8319029847631719,,
,,Randolph County,40.1097,-84.995,,,0.6433831450052341
Colorado,,,40.1105332,-104.82414,0.3696940340241643,,
,,Darke County,40.1313,-84.6099,,,0.031141407370036706
Colorado,,,40.16590216,-104.8173946,0.8038221059355007,,
Ohio,,,40.16592534,-80.73346492,0.566358839811253,,
,Colorado,,40.198,-104.731,,1.0,
,,Nodaway County,40.2392,-94.6714,,,0.45307291161459146
West Virginia,,,40.24546723,-80.57183449,0.7156179203236023,,
,,Webster County,40.2723,-98.3745,,,0.5323304235551978
,Colorado,,40.27651474,-104.7989349,,0.0629540743727864,
Colorado,,,40.28533642,-104.8802645,0.6804655913503944,,
,,Jay County,40.3029,-84.9315,,,0.5722091523513284
,,Franklin County,40.3138,-98.9603,,,0.08957567101363448
,,Atchison County,40.3289,-95.0038,,,0.6666701267038957
Colorado,,,40.334762,-104.429368,0.17640769602756062,,
,,Tazewell County,40.355,-89.4063,,,0.5480308692749947
Colorado,,,40.36473712,-104.3549411,0.4637177527102867,,
,,Nodaway County,40.3698,-94.892,,,0.6566212832840317
Colorado,,,40.37113318,-104.7424244,0.47348953244706515,,
,,Cambria County,40.3757,-78.5812,,,0.5165452996356352
,Ohio,,40.37813221,-81.07612397,,0.3841967600902548,
Colorado,,,40.37995707,-104.3535091,0.5895279176472108,,
,,Vermilion County,40.3854,-87.7915,,,0.5445504462679747
,,Blackford County,40.4021,-85.3006,,,0.6433831450052341
,,Atchison County,40.4144,-95.54,,,0.15331983658791637
,,McLean County,40.4178,-88.5522,,,0.6141381658587652
Colorado,,,40.430875,-104.8159189,0.2770444196379375,,
,,Iroquois County,40.4544,-88.0148,,,0.6038353360452489
,,Warren County,40.4578,-87.383,,,0.7392815141973836
,,Atchison County,40.4844,-95.4577,,,0.45307291161459146
,,Tooele County,40.503,-112.3706,,,0.041881915529591585
,,Ford County,40.5171,-88.3362,,,0.5740469761712055
,,Saline County,40.5274,-97.1915,,,0.5459530483202244
Ohio,,,40.53010784,-81.03033387,0.6978187943660639,,
,,McLean County,40.537,-89.019,,,0.041881915529591585
Colorado,,,40.54274379,-104.749399,0.49599640886897056,,
,,Logan County,40.5619,-83.7675,,,0.6742743741257533
,,Adams County,40.57,-98.334,,,0.041881915529591585
,,,40.5839,-87.3336,,,0.5459530483202244
,,McLean County,40.5866,-89.0727,,,0.6034661354873763
,,Marion County,40.5912,-83.1785,,,0.031141407370036706
,,Taylor County,40.5934,-94.9075,,,0.5635026010123358
,,Cambria County,40.6199,-78.7088,,,0.3825054106133182
,,Fillmore County,40.6319,-97.6427,,,0.06988706216193113
,,Logan County,40.633,-102.9265,,,0.6472181423745156
,,Livingston County,40.6574,-88.8487,,,0.674385619830713
,,Benton County,40.6911,-87.5036,,,0.5841690716245234
,,Wyandot County,40.7183,-83.2286,,,0.031141407370036706
,,Blair County,40.7249,-78.2976,,,0.45198261130743395
,,Logan County,40.7438,-102.805,,,0.35849423946993264
,,Iroquois County,40.7529,-87.5787,,,0.6038353360452489
,,Taylor County,40.7649,-94.4756,,,0.04695730137670048
,,Hardin County,40.7665,-83.7147,,,0.49006330841731766
,,White County,40.7794,-87.0421,,,0.6447649159910247
,,Schuylkill County,40.8398,-76.2095,,,0.5500782076472719
,,Weld County,40.8577,-104.067,,,0.6572513418236479
,,Shasta County,40.8987,-121.801,,,0.5489900327034007
,,Van Wert County,40.9058,-84.5703,,,0.14117672637611187
,,Adams County,40.9239,-94.7163,,,0.4723178208346685
,,Adams County,40.9239,-94.7163,,,0.14616146088552068
,,LaSalle County,40.9414,-88.9715,,,0.6034661354873763
,,Henry County,40.955,-91.3944,,,0.031141407370036706
,,Livingston County,40.9688,-88.3801,,,0.6997373037376682
,,,40.9808,-102.804,,,0.6256376574225848
,,Marshall County,40.9878,-89.0676,,,0.5373178574665252
,,Kankakee County,40.9934,-88.0799,,,0.6248469599562627
,,Weld County,40.9971,-103.993,,,0.6222054098730205
,,Logan County,40.9981,-103.003,,,0.3779293373900135
,,Logan County,40.9988,-103.375,,,0.6433831450052341
,,Paulding County,41.0147,-84.7023,,,0.5793097042577933
,,Paulding County,41.0161,-84.5875,,,0.031141407370036706
,Pennsylvania,,41.05217241,-79.80003332,,0.0,
,,Laramie County,41.0547,-104.9954,,,0.5473416939016906
,,STARK County,41.0598,-89.6003,,,0.6034661354873763
,,Hancock County,41.0843,-83.6441,,,0.031141407370036706
,,Hancock County,41.0931,-83.6378,,,0.031141407370036706
,,Hancock County,41.0961,-83.6414,,,0.031141407370036706
Wyoming,,,41.11113848,-108.6569382,0.5384647029019863,,
,,Washington County,41.1199,-71.5139,,,0.3825054106133182
Wyoming,,,41.12666581,-104.610594,0.45112524492124073,,
,,Laramie County,41.1271,-104.9901,,,0.4586612889650435
,,Grundy County,41.1319,-88.5442,,,0.6419875560804256
,,Union County,41.1356,-94.4415,,,0.5759735040453786
,,Laramie County,41.137,-105.029,,,0.42817050155887065
,,Laramie County,41.1413,-105.009,,,0.37977781116172504
,,LaSalle County,41.1623,-88.7503,,,0.45198261130743395
,,Paulding County,41.1924,-84.6126,,,0.031141407370036706
,Wyoming,,41.1977775,-108.1319,,0.002208201824885124,
,Wyoming,,41.20651,-108.166876,,0.029211473317969555,
,,Bureau County,41.2175,-89.5764,,,0.5148116409501877
,,Adair County,41.2258,-94.4406,,,0.031141407370036706
,,Henry County,41.2262,-90.1732,,,0.6508189715534516
,,Adair County,41.2269,-94.4347,,,0.0366149610463867
Wyoming,,,41.2343919,-104.6940014,0.20822716427228788,,
,,Adair County,41.2568,-94.4061,,,0.7394211417522847
,,Uinta County,41.2847,-110.519,,,0.4792394573293484
,,Uinta County,41.3263,-110.801,,,0.5978076146143243
,,Adair County,41.3389,-94.57,,,0.0366149610463867
,Wyoming,,41.34486316,-107.8511483,,0.004365400799846567,
,,Cass County,41.371,-94.7539,,,0.04695730137670048
,,Wood County,41.3786,-83.7383,,,0.04695730137670048
,,Cass County,41.3919,-94.8764,,,0.0366149610463867
,,Adair County,41.3931,-94.4447,,,0.031141407370036706
Pennsylvania,,,41.39903232,-77.91268623,0.560470732322245,,
,,Adair County,41.4079,-94.5777,,,0.5615195093212875
,,Adair County,41.4222,-94.3104,,,0.4769701759562826
,Wyoming,,41.43440097,-110.0421565,,0.006135253283715069,
,,Adair County,41.444,-94.6789,,,0.6246882814519794
,,Henry County,41.4515,-90.1486,,,0.031141407370036706
,Wyoming,,41.465777,-107.9479113,,0.018924010545566024,
,,Sandusky County,41.466,-83.367,,,0.031141407370036706
,Wyoming,,41.47659583,-110.0818104,,0.0009311179505586727,
,,Bureau County,41.4863,-89.6151,,,0.6514757150218242
,,,41.4954,-95.1672,,,0.616683362168448
Wyoming,,,41.49716443,-107.9887317,0.4268619341203739,,
,,Custer County,41.5075,-99.6109,,,0.5165452996356352
,,Lycoming County,41.5269,-77.0462,,,0.4961763029808947
Wyoming,,,41.53795264,-107.8593383,0.39528234017547037,,
,,Bureau County,41.5481,-89.4984,,,0.6687117599936161
,Wyoming,,41.5510447,-110.0606172,,0.002711429366280775,
,Wyoming,,41.56795455,-110.9089688,,0.0007568354126013027,
,,Washington County,41.5817,-71.4867,,,0.031141407370036706
,,Cuyahoga County,41.5844,-81.5256,,,0.07809870874673719
,Wyoming,,41.58583,-108.52998,,0.20099785016165603,
Wyoming,,,41.59433478,-107.6751548,0.24920002582713702,,
,,Cuyahoga County,41.6022,-81.4969,,,0.0
,,Lee County,41.6083,-89.5005,,,0.6393683384498212
,,Barnstable County,41.6083,-70.6089,,,0.041881915529591585
,,Newport County,41.612,-71.2493,,,0.031141407370036706
,Wyoming,,41.62108368,-107.8000056,,0.04544093839187222,
,,Carbon County,41.6283,-106.201,,,0.424886638766714
,,Poweshiek County,41.6328,-92.4334,,,0.5939036473384112
Pennsylvania,,,41.6340453,-76.3609054,0.8147958582863121,,
,Pennsylvania,,41.63892057,-78.19046375,,0.0,
Pennsylvania,,,41.64946569,-76.36672614,0.9999999999999998,,
,,Lee County,41.6579,-89.0687,,,0.5605172951076176
,,Lee County,41.6603,-89.2497,,,0.07809870874673719
Wyoming,,,41.66230268,-107.8415723,0.4667897769361412,,
,,Barnstable County,41.6647,-70.5942,,,0.031141407370036706
,Wyoming,,41.66613912,-110.0224947,,0.0011272098637522508,
,Wyoming,,41.66854138,-107.9514893,,0.018189291737555513,
,,Kent County,41.6697,-71.7083,,,0.031141407370036706
,,Kent County,41.6725,-71.7058,,,0.031141407370036706
Wyoming,,,41.67318667,-107.9481098,0.27849799486626187,,
,,Platte County,41.677,-97.391,,,0.06988706216193113
,,Carbon County,41.6831,-107.2001,,,0.8349286845207966
,,Kent County,41.6864,-71.7283,,,0.031141407370036706
,,Iowa County,41.6934,-92.1786,,,0.5232722755216148
,,Poweshiek County,41.7419,-92.6722,,,0.0967340467160302
Pennsylvania,,,41.74197071,-76.17550715,0.7222334867639203,,
,Pennsylvania,,41.75013781,-75.83461713,,0.0,
,,Audubon County,41.7588,-94.7951,,,0.6433831450052341
,,Providence County,41.7895,-71.3848,,,0.031141407370036706
,,Providence County,41.7935,-71.5306,,,0.0967340467160302
,,Providence County,41.8001,-71.5362,,,0.0967340467160302
,,Carbon County,41.8353,-106.2428,,,0.15097427331654117
,Wyoming,,41.85485485,-108.0061885,,0.06102668545345098,
,,Story County,41.881,-93.6231,,,0.0967340467160302
,,Albany County,41.919,-105.869,,,0.7129120695411999
,,Marshall County,41.9191,-92.9566,,,0.5764229657204538
,,Plymouth County,41.9253,-70.64,,,0.031141407370036706
,,Hillsdale County,41.935,-84.477,,,0.6034661354873763
,,,41.9522,-106.366,,,0.5997193942294814
,,Litchfield County,41.9611,-73.1408,,,0.15331983658791637
,,Antelope County,41.9736,-97.852,,,0.4071974585197013
,,Story County,42.014,-93.5181,,,0.0967340467160302
,,Story County,42.0192,-93.5136,,,0.0967340467160302
,,Story County,42.0283,-93.4303,,,0.0967340467160302
,Wyoming,,42.05956265,-110.0030103,,0.0011235157453712813,
,,Boone County,42.0736,-94.1625,,,0.6208248449915643
,,Antelope County,42.0901,-98.2319,,,0.6997373037376682
,,Greene County,42.0989,-94.2692,,,0.20990562645980254
,,Steuben County,42.1016,-77.7011,,,0.5489900327034007
,Wyoming,,42.12543053,-110.0260766,,0.00034679956155240523,
,,Marshall County,42.1439,-92.8158,,,0.437582453580076
,,,42.1461,-95.0482,,,0.5527620928527808
,,Tama County,42.1614,-92.4425,,,0.031141407370036706
,,Plymouth County,42.1751,-70.7285,,,0.031141407370036706
,,Carbon County,42.1773,-106.1635,,,0.771729937852873
,Wyoming,,42.17743884,-110.1150219,,0.001284695027725578,
,,Hardin County,42.2069,-93.299,,,0.6034661354873763
,,Story County,42.2081,-93.5994,,,0.031141407370036706
,,Hampden County,42.2125,-72.8713,,,0.15331983658791637
,,Hamilton County,42.2141,-93.8767,,,0.6593725104195438
,,Plymouth County,42.2611,-70.8564,,,0.04695730137670048
,,Ida County,42.2643,-95.3557,,,0.5373178574665252
,,Chautauqua County,42.2653,-79.0725,,,0.5573381660760857
,Wyoming,,42.28533596,-110.2616966,,0.008469885494957747,
,,Wayne County,42.2995,-97.3638,,,0.6124152090428434
,Wyoming,,42.30561523,-110.3162687,,0.0004481818462772229,
Wyoming,,,42.31591092,-110.2535428,0.34063621181433335,,
,Wyoming,,42.32300277,-110.2407807,,0.007120776503827219,
,,Steuben County,42.3314,-77.5031,,,0.1306390637893067
,,Grundy County,42.3322,-92.9659,,,0.5340127836811697
,,Chautauqua County,42.3392,-79.1956,,,0.5770944556902611
,Wyoming,,42.41327889,-110.4106228,,0.0,
,,Sac County,42.4243,-95.1741,,,0.5165452996356352
,,Cassia County,42.4562,-114.019,,,0.3247895924662265
,,Delaware County,42.4693,-91.4739,,,0.20834630599750453
,,Worcester County,42.4789,-71.9,,,0.0967340467160302
,,Cassia County,42.4879,-113.926,,,0.3365350211118085
,Wyoming,,42.51997242,-109.6282955,,0.004403507539583757,
,,Sac County,42.5302,-95.3701,,,0.2902021401480906
,,Wyoming County,42.5413,-78.2916,,,0.5473416939016906
,,Berkshire County,42.5437,-73.2926,,,0.031141407370036706
,,,42.5523,-77.4145,,,0.49416824345196225
,,,42.5537,-93.6874,,,0.6433831450052341
,,Holt County,42.5607,-98.4443,,,0.739769600683589
,,,42.5643,-94.7309,,,0.6824860207105594
,,Worcester County,42.5722,-71.9447,,,0.11003531900607516
,,Erie County,42.5809,-79.1027,,,0.031141407370036706
,,Berkshire County,42.5849,-73.2751,,,0.2902021401480906
,,Worcester County,42.5886,-71.9842,,,0.11003531900607516
,,Essex County,42.6256,-70.6565,,,0.12787545408606688
,,Wyoming County,42.6788,-78.2438,,,0.18630971772966465
,,Knox County,42.6909,-97.6252,,,0.518257685898287
,,Knox County,42.7078,-97.5745,,,0.4215236391822567
,,Power County,42.7083,-112.761,,,0.3408484068640458
,,Racine County,42.7094,-87.8853,,,0.031141407370036706
,,Essex County,42.7164,-70.8419,,,0.0366149610463867
,,Wyoming County,42.7245,-78.4076,,,0.5636256135628144
,,Franklin County,42.7346,-93.4448,,,0.6440757406177209
,Wyoming,,42.752811,-108.1697343,,0.09793708939680176,
,,Erie County,42.8033,-78.8601,,,0.2902021401480906
,,Keya Paha County,42.8258,-99.7775,,,0.031141407370036706
,,Twin Falls County,42.8461,-114.969,,,0.24411436014801557
,,Twin Falls County,42.8494,-114.9903,,,0.27646406709619703
,,Gooding County,42.8544,-114.9501,,,0.24411436014801557
,,Cherokee County,42.8611,-95.748,,,0.6512790162866793
,,Bennington County,42.8612,-72.9644,,,0.3825054106133182
,,Buena Vista County,42.8663,-95.3766,,,0.5165452996356352
,,Twin Falls County,42.8704,-115.018,,,0.32134354751812727
,,Twin Falls County,42.8765,-114.967,,,0.2612244618484838
,,Ontario County,42.8869,-76.9683,,,0.041881915529591585
,,Madison County,42.8929,-75.4534,,,0.2557509081721338
Wyoming,,,42.936228,-104.8716,0.08389769590566998,,
,,Hancock County,42.9422,-93.664,,,0.5445504462679747
,,Grant County,42.9514,-90.4407,,,0.5352237043324672
,,Iowa County,42.963,-90.368,,,0.3825054106133182
,,Madison County,42.9671,-75.7559,,,0.07405327391742053
,,Madison County,42.9769,-75.7603,,,0.3825054106133182
Wyoming,,,42.986025,-105.9708744,0.13660721492240827,,
,,Kossuth County,42.9867,-94.1336,,,0.4981558784339078
,,Converse County,42.9993,-106.021,,,0.5459530483202244
,,Floyd County,43.0042,-92.7265,,,0.5165452996356352
Wyoming,,,43.02086708,-105.3861258,0.27922299247457655,,
,,Elmore County,43.0338,-115.483,,,0.34678793001997676
,,,43.0467,-105.8197,,,0.616683362168448
,,Palo Alto County,43.0475,-94.9229,,,0.3346448198081723
,,Cerro Gordo County,43.0548,-93.4482,,,0.42817050155887065
,,Hillsborough County,43.0566,-72.0195,,,0.376995837391154
,,O'Brien County,43.0803,-95.6561,,,0.5277953756072622
,,Converse County,43.1008,-105.7115,,,0.7363879253769363
,Wyoming,,43.1234068,-107.2040126,,0.00306450774579629,
,,Chickasaw,43.1401,-92.3244,,,0.6450396360196624
,,Natrona County,43.1461,-106.3473,,,0.6248469599562627
,Wyoming,,43.17393952,-107.5639937,,0.022674026803990676,
,,Herkimer County,43.1973,-74.902,,,0.5058047914760804
,,Bon Homme County,43.2067,-98.0427,,,0.5165452996356352
,,Hancock County,43.2071,-93.8631,,,0.6141381658587652
,,O'Brien County,43.2157,-95.5512,,,0.5592543206102694
,,Palo Alto County,43.2178,-94.5827,,,0.674385619830713
,Wyoming,,43.23448265,-105.6511157,,0.24024336292153595,
Wyoming,,,43.24006542,-105.3223485,0.5204813008552436,,
,,Sullivan County,43.2457,-72.1388,,,0.35248495488816395
,,Mitchell County,43.2797,-92.8106,,,0.0366149610463867
,,Gratiot County,43.2878,-84.4623,,,0.5199493154524177
Wyoming,,,43.32541429,-105.7470643,0.24912457842499275,,
,,Worth County,43.3346,-93.4069,,,0.5165452996356352
,,Winnebago County,43.3518,-94.0351,,,0.6432442124606763
Wyoming,,,43.35459364,-105.9039373,0.33082682066896296,,
Wyoming,,,43.36938184,-105.7206358,0.19105547651188814,,
,,Bonneville County,43.3711,-111.844,,,0.48690337577226467
,,Kossuth County,43.3762,-94.144,,,0.2379107730921421
,,Worth County,43.3787,-93.0919,,,0.37319811381222723
,,Worth County,43.3847,-93.2214,,,0.0366149610463867
,,Emmet County,43.3853,-94.8157,,,0.041881915529591585
,,Osceola County,43.3891,-95.4025,,,0.6034661354873763
,,Howard County,43.3929,-92.3341,,,0.49006330841731766
,,Gratiot County,43.3958,-84.4184,,,0.5500782076472719
,Wyoming,,43.3985045,-106.283638,,0.33957962261318364,
,,Dickinson County,43.3989,-95.3371,,,0.4329558067996016
,,Osceola County,43.4,-95.6333,,,0.05658578987188617
,,Bonneville County,43.4026,-111.741,,,0.4713684448640631
,,Howard County,43.4099,-92.5176,,,0.5459530483202244
Wyoming,,,43.43434391,-105.9577343,0.29122292707724523,,
,,Kossuth County,43.4392,-94.1589,,,0.6481606487126046
,,Bonneville County,43.4617,-111.831,,,0.577651573114683
,Wyoming,,43.46835571,-104.4494529,,0.029808549485660325,
,,Tuscola County,43.489,-83.5706,,,0.4492190016041942
,,Tuscola County,43.4906,-83.5744,,,0.5473416939016906
,,Mitchell County,43.4916,-92.6199,,,0.6419875560804256
,,Mitchell County,43.495,-92.8256,,,0.6428265830333566
,,Isabella County,43.4976,-84.6727,,,0.6135375475899474
,,Freeborn County,43.5188,-93.1869,,,0.6553525679146168
,,Bingham County,43.5227,-112.813,,,0.6124152090428434
Wyoming,,,43.52959268,-105.5177163,0.417137754887853,,
,,Mower County,43.5516,-92.7173,,,0.27646406709619703
,,Bonneville County,43.5585,-111.813,,,0.5722091523513284
,Wyoming,,43.56355125,-105.4122725,,0.08284037701144724,
,,Martin County,43.575,-94.4467,,,0.041881915529591585
,,Nobles County,43.5833,-95.7781,,,0.019504859345918515
,,Nobles County,43.5861,-95.7803,,,0.019504859345918515
,,Nobles County,43.5861,-95.7761,,,0.019504859345918515
,,Tuscola County,43.5948,-83.5287,,,0.5094775752709397
,,Jackson County,43.5998,-95.3995,,,0.2793220044336344
,,Jackson County,43.6173,-95.4319,,,0.3438497640344647
,,Faribault County,43.6196,-94.2335,,,0.4071974585197013
,,Sanilac County,43.6219,-82.8071,,,0.3912306096800584
,,Jackson County,43.6256,-95.3725,,,0.21597430994839784
,,Nobles County,43.6335,-95.6092,,,0.0
,,Rock County,43.6419,-96.2625,,,0.15331983658791637
,,Jackson County,43.6514,-95.3825,,,0.05658578987188617
,,Sanilac County,43.6514,-82.7151,,,0.5327912640272814
,,Faribault County,43.6558,-94.1536,,,0.019504859345918515
,,Fond du Lac County,43.6584,-88.5096,,,0.5459530483202244
,,Mower County,43.6633,-92.5795,,,0.5483055893036324
,,Jackson County,43.6634,-95.1497,,,0.6471505762974359
,,Martin County,43.6825,-94.5892,,,0.06116186309519092
,,Mower County,43.7066,-92.6954,,,0.5473416939016906
,,Fond Du Lac County,43.7082,-88.3223,,,0.49356014780800955
,,Brule County,43.7258,-98.9172,,,0.32815259205068376
,,Freeborn County,43.737,-93.4901,,,0.6440757406177209
,,Huron County,43.742,-83.2481,,,0.5072855239823542
Wyoming,,,43.75709929,-105.4135557,0.32309813243750596,,
,,Jackson County,43.7575,-94.8927,,,0.5459530483202244
,,Grafton County,43.7646,-71.8232,,,0.44639955764156497
,,Nobles County,43.7849,-95.8983,,,0.674385619830713
Wyoming,,,43.7889625,-105.33104,0.1496030842874633,,
,,Huron County,43.8069,-83.3018,,,0.5473416939016906
Wyoming,,,43.81298618,-105.6487197,0.3676924774902902,,
,,Lewis County,43.8263,-75.5962,,,0.5909022901679923
,,Huron County,43.835,-83.2165,,,0.45995950976374905
,,Cottonwood County,43.839,-94.9529,,,0.6433831450052341
,,Lewis County,43.8396,-75.5699,,,0.5553953356810737
,,Huron County,43.8465,-82.8197,,,0.4858339626505808
,,Huron County,43.8707,-82.758,,,0.32815259205068376
,,Huron County,43.8806,-83.2651,,,0.28486807446884255
,,Huron County,43.8825,-83.1614,,,0.45198261130743395
,,Murray County,43.8979,-96.0276,,,0.2379107730921421
,,Jerauld County,43.9036,-98.7401,,,0.24411436014801557
,,Jerauld County,43.9036,-98.7401,,,0.031141407370036706
,,Steele County,43.9106,-93.1282,,,0.4345151272618996
,,Pipestone County,43.9129,-96.1932,,,0.05658578987188617
,,Huron County,43.9401,-82.8478,,,0.3953968214355479
,,Cottonwood County,43.9617,-95.0685,,,0.29533981465032066
,,Murray County,43.9679,-96.0084,,,0.5473416939016906
,,Dodge County,43.9753,-92.8578,,,0.0967340467160302
,,Pipestone County,43.9803,-96.2233,,,0.05658578987188617
,,Pipestone County,43.9811,-96.4269,,,0.031141407370036706
,,Pipestone County,43.9844,-96.2194,,,0.05658578987188617
,,Pipestone County,43.9897,-96.2236,,,0.05658578987188617
,,Winona County,43.9917,-91.8778,,,0.07809870874673719
,,Pipestone County,43.9931,-96.2186,,,0.05658578987188617
Wyoming,,,44.00061682,-105.9747881,0.41943053243183226,,
,,Jerauld County,44.0021,-98.5996,,,0.45469255528054425
,,Pipestone County,44.0208,-96.4331,,,0.041881915529591585
,,Pipestone County,44.0211,-96.4406,,,0.041881915529591585
,,Murray County,44.0227,-96.0523,,,0.32815259205068376
,,Pipestone County,44.0236,-96.0789,,,0.05658578987188617
,,Pipestone County,44.0247,-96.4369,,,0.041881915529591585
,,Pipestone County,44.0364,-96.0736,,,0.05658578987188617
,,Pipestone County,44.0384,-96.0186,,,0.3595595708224263
Wyoming,,,44.05616566,-105.9517466,0.33066351265158017,,
,,Cottonwood County,44.061,-95.239,,,0.4345151272618996
Wyoming,,,44.06300224,-108.8078023,0.08404892116801613,,
,Wyoming,,44.07876438,-105.6403188,,0.0721237152592616,
,,Pipestone County,44.0886,-96.0629,,,0.45469255528054425
,,Knox County,44.0942,-68.8658,,,0.14117672637611187
,,Pipestone County,44.1018,-96.1211,,,0.4921308681515781
Wyoming,,,44.11952981,-106.062312,0.693964869335863,,
Wyoming,,,44.14275571,-105.4965557,0.11549705429681112,,
,,Pipestone County,44.1508,-96.1361,,,0.019504859345918515
,,Missaukee County,44.1792,-85.2877,,,0.3346448198081723
,,Lincoln County,44.2128,-96.2131,,,0.0518545662940999
,,Lincoln County,44.2253,-96.235,,,0.0518545662940999
,,Lincoln County,44.2258,-96.2789,,,0.0518545662940999
,,Lincoln County,44.2358,-96.2383,,,0.0518545662940999
,,Lincoln County,44.2364,-96.2331,,,0.0518545662940999
,,Hand County,44.2465,-98.4779,,,0.6433831450052341
,,Lincoln County,44.2655,-96.4293,,,0.3632254630477189
,,Lincoln County,44.3155,-96.3317,,,0.12505601012343767
,,Lyon County,44.3236,-95.8222,,,0.1333490077624169
,,Brookings County,44.3283,-96.4768,,,0.46252027389423916
,,Lyon County,44.3303,-95.8344,,,0.06116186309519092
,,Lyon County,44.3308,-95.8297,,,0.1333490077624169
,,Hyde County,44.3773,-99.6601,,,0.6433831450052341
,,Baker County,44.3808,-117.277,,,0.2379107730921421
,,Lincoln County,44.3874,-96.4292,,,0.2523606751541855
,,Lincoln County,44.3949,-96.4322,,,0.25906073277805386
,,Baker County,44.3969,-117.2719,,,0.0967340467160302
,,Oxford County,44.4182,-70.5601,,,0.32815259205068376
,,Lincoln County,44.4261,-96.4261,,,0.0518545662940999
,,Lincoln County,44.4273,-96.1537,,,0.6433831450052341
,,Lincoln County,44.4289,-96.4358,,,0.0518545662940999
,,Brookings County,44.4587,-96.5241,,,0.5437020684001364
,,Rice County,44.4619,-93.1564,,,0.0366149610463867
,,Rice County,44.4622,-93.1928,,,0.0366149610463867
,,Hyde County,44.4765,-99.6373,,,0.6744967769289691
,,Hand County,44.4776,-99.1397,,,0.357958508564514
,,Waldo County,44.4967,-69.35,,,0.14117672637611187
,,Redwood County,44.5028,-95.175,,,0.041881915529591585
,,Penobscot County,44.5085,-69.4374,,,0.32815259205068376
,,Oxford County,44.5209,-70.3009,,,0.34562007609621814
,,Deuel County,44.5541,-96.6715,,,0.6501591229034736
,,Lincoln County,44.5685,-96.3126,,,0.6433831450052341
,,Oxford County,44.6139,-70.6187,,,0.2927946183406379
,,Kewaunee County,44.6697,-87.6273,,,0.25005388330394657
,,Hancock County,44.7257,-68.1747,,,0.40142183171787765
,,Orleans County,44.7509,-72.4249,,,0.4879646563960886
,,Coos County,44.7532,-71.2987,,,0.5459530483202244
,,Penobscot County,44.7773,-68.5234,,,0.2259981463835633
,,Clinton County,44.8599,-74.0031,,,0.518257685898287
,,Franklin County,44.8888,-74.104,,,0.5125251997849636
,,Deuel County,44.8989,-96.8774,,,0.6440757406177209
,,Franklin County,44.9247,-74.0245,,,0.5553953356810737
,,Clinton County,44.938,-73.9902,,,0.5473416939016906
,,Kandiyohi County,45.1217,-95.0532,,,0.05658578987188617
,,Penobscot County,45.1273,-68.3433,,,0.4310613288912321
,,Grant County,45.2676,-97.104,,,0.6071149114154153
,,,45.2743,-97.917,,,0.5553953356810737
,,Gilliam County,45.2826,-120.272,,,0.357958508564514
,,Morrow County,45.3801,-119.333,,,0.2379107730921421
,,Franklin County,45.3936,-70.5368,,,0.49006330841731766
,,Sherman County,45.5164,-120.602,,,0.548442746788365
,,Gilliam County,45.5755,-120.113,,,0.6440757406177209
,,Gilliam County,45.5781,-120.178,,,0.6428265830333566
,,Stevens County,45.5897,-95.877,,,0.041881915529591585
,,Stevens County,45.5897,-95.8769,,,0.041881915529591585
,,,45.5916,-120.589,,,0.5165452996356352
,,Washington County,45.6243,-67.9772,,,0.3632254630477189
,,Morrow County,45.6447,-119.4767,,,0.23663626442151697
,,Sherman County,45.6484,-120.548,,,0.6248469599562627
,,Morrow County,45.6533,-119.9795,,,0.5020327313267003
,,Morrow County,45.655,-119.4647,,,0.041881915529591585
,,Gilliam County,45.6869,-120.096,,,0.5455337458631422
,,Delta County,45.691,-86.6395,,,0.5035538115559923
,,Umatilla County,45.6967,-119.4097,,,0.18630971772966465
,,Klickitat County,45.733,-120.837,,,0.6447649159910247
,,Klickitat County,45.7509,-120.762,,,0.45198261130743395
,,Cheboygan County,45.7644,-84.7381,,,0.04695730137670048
,,Klickitat County,45.7653,-120.686,,,0.5901925871446096
,,Delta County,45.7852,-86.5589,,,0.37319811381222723
,,Klickitat County,45.7874,-120.412,,,0.5458134207653231
,,Campbell County,45.8133,-100.284,,,0.5442682262941787
,,Stillwater County,45.8611,-109.4491,,,0.45198261130743395
,,Umatilla County,45.8916,-118.531,,,0.565457907666143
,,Umatilla County,45.8941,-118.474,,,0.2379107730921421
,,Umatilla County,45.9319,-118.541,,,0.4836702335801509
,,Klickitat County,45.9445,-120.229,,,0.6045708198528301
,,Klickitat County,45.9467,-120.302,,,0.45198261130743395
,,Dickey County,45.9538,-98.9363,,,0.5358252472012346
,,Walla Walla County,46.0401,-118.8802,,,0.6264239002316621
,,Adams County,46.0817,-102.595,,,0.5579798119396442
,,Aroostook County,46.0844,-68.1133,,,0.6016053381932511
,,Benton County,46.0954,-119.136,,,0.3912306096800584
,,Yellowstone County,46.1026,-108.8066,,,0.04695730137670048
,,McIntosh County,46.1054,-99.0059,,,0.6034661354873763
,,Dickey County,46.1295,-98.8955,,,0.6034661354873763
,,Bowman County,46.243,-103.771,,,0.3247895924662265
,,Fallon County,46.2739,-104.192,,,0.3141851718157316
,,Wheatland County,46.287,-109.472,,,0.2379107730921421
,,LaMoure County,46.318,-98.8732,,,0.3346448198081723
,,Columbia County,46.3637,-117.858,,,0.6651933115525921
,,Meagher County,46.4119,-110.3378,,,0.08585391100157408
,,Columbia County,46.4348,-118.025,,,0.6834272154096888
,,Columbia County,46.4502,-117.854,,,0.19691413838015964
,,Otter Tail County,46.5051,-96.1573,,,0.05658578987188617
,,Aroostook County,46.537,-67.8136,,,0.42817050155887065
,,Wheatland County,46.5872,-109.744,,,0.5888649148676082
,,Stark County,46.6851,-102.636,,,0.6034661354873763
,,Custer County,46.7896,-106.0021,,,0.6488299916239038
,,Grays Harbor County,46.7936,-124.0654,,,0.1748327554627674
,,Morton County,46.8433,-102.048,,,0.5527620928527808
,,Adams County,46.8692,-118.413,,,0.5978076146143243
,,Kittitas County,46.9604,-120.195,,,0.5327912640272814
,,Kittitas County,47.0026,-120.166,,,0.662191954382173
,,Clay County,47.0053,-96.4356,,,0.0518545662940999
,,Mercer County,47.0372,-101.679,,,0.6468122543633019
,,Barnes County,47.0695,-97.8848,,,0.6409316287518123
,,,47.0783,-100.657,,,0.5500782076472719
,,,47.1071,-101.3343,,,0.6447649159910247
,,,47.1094,-100.777,,,0.45198261130743395
,,Kittitas County,47.1425,-120.715,,,0.5483055893036324
,,Judith Basin County,47.3027,-110.691,,,0.5165452996356352
,,Steele County,47.3505,-97.9509,,,0.45198261130743395
North Dakota,,,47.43209473,-102.8851008,0.4972127524374246,,
North Dakota,,,47.44293233,-102.6053848,0.5466337765501301,,
North Dakota,,,47.47808345,-103.0023959,0.43536971244124467,,
North Dakota,,,47.55014316,-102.9558391,0.3566669645289544,,
,,St Louis County,47.5726,-92.6126,,,0.357958508564514
North Dakota,,,47.60965964,-102.60932,0.3639159994730997,,
North Dakota,,,47.63570235,-102.7247916,0.4009405640838555,,
North Dakota,,,47.66847847,-103.0752967,0.43341089647056263,,
North Dakota,,,47.67668919,-102.4671935,0.2522260010502414,,
North Dakota,,,47.70126714,-102.9151919,0.3498657371436188,,
North Dakota,,,47.72739054,-102.982415,0.4278004092390706,,
North Dakota,,,47.8173836,-103.2234708,0.3782523684894004,,
North Dakota,,,47.84457321,-103.4478638,0.3459399184475288,,
North Dakota,,,47.85429137,-103.0119565,0.3513955828714899,,
North Dakota,,,47.86791161,-102.8607843,0.5696913757728626,,
,,Red Lake County,47.8693,-96.319,,,0.14369134809273068
,,McHenry County,47.8718,-100.933,,,0.5473416939016906
North Dakota,,,47.88302334,-103.4941746,0.38733082854354917,,
North Dakota,,,47.89743956,-103.0081567,0.43270367764509277,,
North Dakota,,,47.91868124,-102.7668876,0.3965730804245929,,
North Dakota,,,47.96797519,-102.8593216,0.4658832551654316,,
North Dakota,,,47.97061923,-103.1985212,0.5478540443430153,,
North Dakota,,,47.97437856,-103.00426,0.4300795715177843,,
,,Ward County,48.0213,-101.2805,,,0.14117672637611187
North Dakota,,,48.07385979,-103.0735751,0.44441925225082646,,
North Dakota,,,48.08070011,-103.458371,0.356128360144274,,
North Dakota,,,48.08936485,-103.1804575,0.3958621416799062,,
,,McHenry County,48.1026,-100.8799,,,0.26014679062865975
North Dakota,,,48.13879753,-103.6530554,0.2572819802644715,,
North Dakota,,,48.1393558,-102.7235587,0.3960225487943662,,
North Dakota,,,48.14120592,-103.2476551,0.5336942898340978,,
North Dakota,,,48.1794736,-102.7583595,0.5312600403805436,,
North Dakota,,,48.19238804,-103.6744353,0.40977875363128724,,
North Dakota,,,48.228532,-103.4211816,0.35919587360285204,,
North Dakota,,,48.23200054,-102.3936827,0.24955224686496896,,
North Dakota,,,48.23740409,-102.8724171,0.415956637337782,,
North Dakota,,,48.24083336,-103.2820929,0.5137364292188008,,
North Dakota,,,48.247098,-103.148971,0.42198797725745263,,
North Dakota,,,48.24800433,-103.5362625,0.40932901512128606,,
North Dakota,,,48.30650247,-103.538257,0.4211907638537692,,
North Dakota,,,48.31491125,-103.4344181,0.3856119009824005,,
,,Williams County,48.5127,-103.0944,,,0.6991798153952
,,Toole County,48.5172,-112.113,,,0.5553953356810737
,,,48.5829,-98.2555,,,0.6208248449915643
,,Rolette County,48.9743,-99.6448,,,0.6034661354873763
,,Kodiak Island County,57.7869,-152.4406,,,0.14117672637611187
Alaska,,,59.85049932,-151.5676667,0.05015075163473898,,
Alaska,,,60.17297863,-151.4790893,0.5036394942899493,,
Alaska,,,60.74423906,-150.8633636,0.4400955192915168,,
Alaska,,,60.7722327,-151.5038,0.04390897612584038,,
Alaska,,,60.96864728,-151.3313333,0.28363339853445624,,
Alaska,,,61.08167195,-150.9356,0.4378696068028898,,
,,Anchorage,61.1395,-150.216,,,0.3141851718157316
,Alaska,,61.188517,-151.0274,,0.0,
Alaska,,,70.16943313,-146.3166757,0.6745420134475203,,
,Alaska,,70.30912164,-148.6706638,,0.9559057180606304,
,Alaska,,70.32481918,-149.9454917,,0.7725504592611004,
Alaska,,,70.33171813,-147.8799,0.764758730145989,,
,Alaska,,70.47476248,-149.5255,,0.5629615194831941,
Alaska,Oklahoma,,,,0.25079912845913344,0.4781516773145428,
Alaska,Oklahoma,,,,0.25079912845913344,0.32041329417030323,
Alaska,Oklahoma,,,,0.25079912845913344,0.20638543130664955,
Alaska,Oklahoma,,,,0.25079912845913344,0.16833543014966137,
Alaska,Oklahoma,,,,0.25079912845913344,0.15831559035563783,
Colorado,Oklahoma,,,,0.5226678178269841,0.4781516773145428,
Colorado,Oklahoma,,,,0.5226678178269841,0.32041329417030323,
Colorado,Oklahoma,,,,0.5226678178269841,0.20638543130664955,
Colorado,Oklahoma,,,,0.5226678178269841,0.16833543014966137,
Colorado,Oklahoma,,,,0.5226678178269841,0.15831559035563783,
Oklahoma,Oklahoma,,,,0.5995740548800007,0.4781516773145428,
Oklahoma,Oklahoma,,,,0.5995740548800007,0.32041329417030323,
Oklahoma,Oklahoma,,,,0.5995740548800007,0.20638543130664955,
Oklahoma,Oklahoma,,,,0.5995740548800007,0.16833543014966137,
Oklahoma,Oklahoma,,,,0.5995740548800007,0.15831559035563783,
Oklahoma,Oklahoma,,,,0.5378692080709727,0.4781516773145428,
Oklahoma,Oklahoma,,,,0.5378692080709727,0.32041329417030323,
Oklahoma,Oklahoma,,,,0.5378692080709727,0.20638543130664955,
Oklahoma,Oklahoma,,,,0.5378692080709727,0.16833543014966137,
Oklahoma,Oklahoma,,,,0.5378692080709727,0.15831559035563783,
Oklahoma,Oklahoma,,,,0.5381078007090171,0.4781516773145428,
Oklahoma,Oklahoma,,,,0.5381078007090171,0.32041329417030323,
Oklahoma,Oklahoma,,,,0.5381078007090171,0.20638543130664955,
Oklahoma,Oklahoma,,,,0.5381078007090171,0.16833543014966137,
Oklahoma,Oklahoma,,,,0.5381078007090171,0.15831559035563783,
Oklahoma,Oklahoma,,,,0.5366044788491395,0.4781516773145428,
Oklahoma,Oklahoma,,,,0.5366044788491395,0.32041329417030323,
Oklahoma,Oklahoma,,,,0.5366044788491395,0.20638543130664955,
Oklahoma,Oklahoma,,,,0.5366044788491395,0.16833543014966137,
Oklahoma,Oklahoma,,,,0.5366044788491395,0.15831559035563783,
Oklahoma,Oklahoma,,,,0.4311667024636868,0.4781516773145428,
Oklahoma,Oklahoma,,,,0.4311667024636868,0.32041329417030323,
Oklahoma,Oklahoma,,,,0.4311667024636868,0.20638543130664955,
Oklahoma,Oklahoma,,,,0.4311667024636868,0.16833543014966137,
Oklahoma,Oklahoma,,,,0.4311667024636868,0.15831559035563783,
Oklahoma,Oklahoma,,,,0.5078684162576032,0.4781516773145428,
Oklahoma,Oklahoma,,,,0.5078684162576032,0.32041329417030323,
Oklahoma,Oklahoma,,,,0.5078684162576032,0.20638543130664955,
Oklahoma,Oklahoma,,,,0.5078684162576032,0.16833543014966137,
Oklahoma,Oklahoma,,,,0.5078684162576032,0.15831559035563783,
Oklahoma,Oklahoma,,,,0.5002845600407758,0.4781516773145428,
Oklahoma,Oklahoma,,,,0.5002845600407758,0.32041329417030323,
Oklahoma,Oklahoma,,,,0.5002845600407758,0.20638543130664955,
Oklahoma,Oklahoma,,,,0.5002845600407758,0.16833543014966137,
Oklahoma,Oklahoma,,,,0.5002845600407758,0.15831559035563783,
Oklahoma,Oklahoma,,,,0.4919823911166076,0.4781516773145428,
Oklahoma,Oklahoma,,,,0.4919823911166076,0.32041329417030323,
Oklahoma,Oklahoma,,,,0.4919823911166076,0.20638543130664955,
Oklahoma,Oklahoma,,,,0.4919823911166076,0.16833543014966137,
Oklahoma,Oklahoma,,,,0.4919823911166076,0.15831559035563783,
Oklahoma,Oklahoma,,,,0.4834797393753859,0.4781516773145428,
Oklahoma,Oklahoma,,,,0.4834797393753859,0.32041329417030323,
Oklahoma,Oklahoma,,,,0.4834797393753859,0.20638543130664955,
Oklahoma,Oklahoma,,,,0.4834797393753859,0.16833543014966137,
Oklahoma,Oklahoma,,,,0.4834797393753859,0.15831559035563783,
Oklahoma,Oklahoma,,,,0.48170280439012725,0.4781516773145428,
Oklahoma,Oklahoma,,,,0.48170280439012725,0.32041329417030323,
Oklahoma,Oklahoma,,,,0.48170280439012725,0.20638543130664955,
Oklahoma,Oklahoma,,,,0.48170280439012725,0.16833543014966137,
Oklahoma,Oklahoma,,,,0.48170280439012725,0.15831559035563783,
Oklahoma,Oklahoma,,,,0.4750987053852588,0.4781516773145428,
Oklahoma,Oklahoma,,,,0.4750987053852588,0.32041329417030323,
Oklahoma,Oklahoma,,,,0.4750987053852588,0.20638543130664955,
Oklahoma,Oklahoma,,,,0.4750987053852588,0.16833543014966137,
Oklahoma,Oklahoma,,,,0.4750987053852588,0.15831559035563783,
Oklahoma,Oklahoma,,,,0.47130312874001745,0.4781516773145428,
Oklahoma,Oklahoma,,,,0.47130312874001745,0.32041329417030323,
Oklahoma,Oklahoma,,,,0.47130312874001745,0.20638543130664955,
Oklahoma,Oklahoma,,,,0.47130312874001745,0.16833543014966137,
Oklahoma,Oklahoma,,,,0.47130312874001745,0.15831559035563783,
Oklahoma,Oklahoma,,,,0.4659988929240616,0.4781516773145428,
Oklahoma,Oklahoma,,,,0.4659988929240616,0.32041329417030323,
Oklahoma,Oklahoma,,,,0.4659988929240616,0.20638543130664955,
Oklahoma,Oklahoma,,,,0.4659988929240616,0.16833543014966137,
Oklahoma,Oklahoma,,,,0.4659988929240616,0.15831559035563783,
Oklahoma,Oklahoma,,,,0.4537751665038984,0.4781516773145428,
Oklahoma,Oklahoma,,,,0.4537751665038984,0.32041329417030323,
Oklahoma,Oklahoma,,,,0.4537751665038984,0.20638543130664955,
Oklahoma,Oklahoma,,,,0.4537751665038984,0.16833543014966137,
Oklahoma,Oklahoma,,,,0.4537751665038984,0.15831559035563783,
Oklahoma,Oklahoma,,,,0.4520692028264335,0.4781516773145428,
Oklahoma,Oklahoma,,,,0.4520692028264335,0.32041329417030323,
Oklahoma,Oklahoma,,,,0.4520692028264335,0.20638543130664955,
Oklahoma,Oklahoma,,,,0.4520692028264335,0.16833543014966137,
Oklahoma,Oklahoma,,,,0.4520692028264335,0.15831559035563783,
Oklahoma,Oklahoma,,,,0.441254746251711,0.4781516773145428,
Oklahoma,Oklahoma,,,,0.441254746251711,0.32041329417030323,
Oklahoma,Oklahoma,,,,0.441254746251711,0.20638543130664955,
Oklahoma,Oklahoma,,,,0.441254746251711,0.16833543014966137,
Oklahoma,Oklahoma,,,,0.441254746251711,0.15831559035563783,
Oklahoma,Oklahoma,,,,0.4398076889686513,0.4781516773145428,
Oklahoma,Oklahoma,,,,0.4398076889686513,0.32041329417030323,
Oklahoma,Oklahoma,,,,0.4398076889686513,0.20638543130664955,
Oklahoma,Oklahoma,,,,0.4398076889686513,0.16833543014966137,
Oklahoma,Oklahoma,,,,0.4398076889686513,0.15831559035563783,
Texas,Oklahoma,,,,0.19690586234332264,0.4781516773145428,
Texas,Oklahoma,,,,0.19690586234332264,0.32041329417030323,
Texas,Oklahoma,,,,0.19690586234332264,0.20638543130664955,
Texas,Oklahoma,,,,0.19690586234332264,0.16833543014966137,
Texas,Oklahoma,,,,0.19690586234332264,0.15831559035563783,
Texas,Oklahoma,,,,0.5316294035385449,0.4781516773145428,
Texas,Oklahoma,,,,0.5316294035385449,0.32041329417030323,
Texas,Oklahoma,,,,0.5316294035385449,0.20638543130664955,
Texas,Oklahoma,,,,0.5316294035385449,0.16833543014966137,
Texas,Oklahoma,,,,0.5316294035385449,0.15831559035563783,
Texas,Oklahoma,,,,0.3308216167910491,0.4781516773145428,
Texas,Oklahoma,,,,0.3308216167910491,0.32041329417030323,
Texas,Oklahoma,,,,0.3308216167910491,0.20638543130664955,
Texas,Oklahoma,,,,0.3308216167910491,0.16833543014966137,
Texas,Oklahoma,,,,0.3308216167910491,0.15831559035563783,
